150992486|Julie Newman|4429 Arcu Rd.|Nunc.mauris@atpedeCras.ca
07846542|Germane Dale|298-7572 Nonummy St.|tristique.pharetra@elementumpurusaccumsan.ca
09468585|Donovan Heath|"1297 Elit Ave"|sit.amet@odioPhasellusat.net
183582135|Josiah Farmer|164-377 Ac Av.|In@lobortisnisi.ca
270753665|Allegra Pennington|"P.O. Box 836, 1250 Non St."|Aenean.euismod@dapibusgravida.org
004566528|Madison Young|Apt #125-7837 Sed St.|Etiam@aliquetdiam.net
078069006|Hakeem Patel|456-4247 Erat Av.|tincidunt.aliquam@eu.co.uk
182913261|Rigel Jefferson|Apt #748-8174 Neque. Avenue|eleifend@in.net
038751349|Zelda Malone|"Ap #782-1378 A Ave"|sodales@Nullaeget.co.uk
171592612|Rhea Bowers|"P.O. Box 665, 4747 Mi Rd."|risus.Nulla.eget@Sedmalesuadaaugue.co.uk
124147138|Olga Chaney|Apt #517-7399 Dictum. Avenue|Etiam.vestibulum@porttitoreros.com
730917077|Len Robles|847-8077 Consectetuer Rd.|pede@sagittisNullamvitae.com
06144809|Jenna Wolfe|135 Pellentesque Rd.|Morbi.accumsan.laoreet@semperetlacinia.net
304884551|Zia Austin|"P.O. Box 949, 7554 Sit Ave"|bibendum.fermentum.metus@inceptoshymenaeosMauris.com
020031855|Nola Kirkland|5731 Vel Rd.|dis.parturient@vitae.net
14640786|Jaquelyn Farmer|646 Non Street|Curabitur.massa.Vestibulum@aliquet.org
299900193|Quintessa Blackwell|Apt #282-9951 Massa Rd.|ante.bibendum@fringilla.co.uk
31286769|Medge Sims|"P.O. Box 202, 9814 Consectetuer Street"|ultricies@non.net
102144548|Minerva Hutchinson|584-734 Vestibulum St.|libero.dui@sem.net
374569624|Keely Lowery|"P.O. Box 673, 9565 Mus. St."|Nunc.sed.orci@auguescelerisque.net
349094601|Dylan Mcguire|3739 Sollicitudin Street|arcu@nequesed.edu
110524382|Zephr Witt|258-6307 Amet Rd.|faucibus.leo.in@elitpede.net
374556823|Echo Workman|"975-2213 A Street"|pellentesque.tellus.sem@rhoncus.co.uk
746964976|Richard Daniel|Apt #646-5549 Nulla Rd.|nec.ante@convallisestvitae.ca
194486618|Xandra Conner|"6292 Elementum, Road"|aliquet.nec.imperdiet@Nullamlobortis.org
392722203|Matthew Mcmahon|5463 Lacinia Avenue|nulla.vulputate.dui@elitfermentumrisus.edu
123330239|Price Luna|599-2374 Nisi Av.|Pellentesque@loremutaliquam.ca
245081694|India Ashley|1976 Facilisis Rd.|Class.aptent@aliquetmagna.ca
533144728|Gabriel Graves|"P.O. Box 661, 3748 Risus. Rd."|magna.Suspendisse.tristique@ataugueid.net
268603844|Len Madden|Apt #782-6413 Donec Rd.|taciti.sociosqu.ad@ametultriciessem.net
228346587|Amaya Wagner|756-8618 In Road|vestibulum@tinciduntcongue.ca
295679127|Jason Robbins|"Ap #176-1557 Tortor Ave"|fermentum.metus@Sedid.co.uk
142648932|Adara Moore|"P.O. Box 994, 7521 Fringilla Rd."|et.euismod.et@fringilla.edu
049393504|Nevada Burt|Apt #941-684 Lorem. Rd.|aliquam@Suspendisse.org
020517374|Palmer Massey|3338 Orci Av.|euismod.mauris@inconsequatenim.com
254090204|Tatum Ewing|Apt #901-1693 Tempor St.|Integer@eunulla.co.uk
193401407|Buffy Harrington|1256 Odio. Ave|Integer@mi.net
027459467|Hadassah Beasley|4594 Ante Rd.|orci@Curabiturvel.org
0806802|Alexa Odom|Apt #399-6115 Odio. Ave|sit@eget.org
478320751|Denise Johnston|"Ap #924-349 A St."|Proin.vel@amet.edu
237270442|Herrod Ewing|"P.O. Box 935, 8676 Pede Av."|tortor@auctor.net
300856796|Zeus Cameron|5767 Mauris Road|dictum.eu.eleifend@consectetuer.org
153390037|Taylor Brooks|"P.O. Box 600, 7509 Curabitur Rd."|adipiscing.elit.Aliquam@conubia.org
142887779|Omar Solis|406 Gravida Avenue|venenatis@enimdiamvel.com
137281373|Madeson Moran|458-1257 Sagittis Street|interdum@tellusPhaselluselit.net
187286262|Henry Chavez|Apt #529-1174 Aliquam Rd.|Vestibulum@eros.org
04006139|Eleanor Myers|877-6092 Aliquam Ave|malesuada.augue@nonsapienmolestie.com
265731379|Keith Elliott|574-7755 Mattis. Av.|orci.luctus.et@egestas.com
139711771|Paki Freeman|221-8848 Laoreet Rd.|nisi.Mauris.nulla@et.co.uk
006580891|Zelenia Knox|Apt #366-6045 A St.|convallis.in.cursus@faucibus.com
192340485|Britanney Gross|"P.O. Box 378, 9623 Iaculis Rd."|nec@intempuseu.ca
193748528|Darrel Camacho|3729 Sed Av.|porttitor.eros.nec@magnisdis.co.uk
094866244|Moses Hobbs|661-966 Magna Av.|lobortis.mauris@odioAliquam.org
103481293|Ferdinand Combs|2875 In Avenue|erat@nonmassanon.co.uk
275377365|Ulysses Foley|855-3796 Amet Rd.|dapibus.gravida.Aliquam@Donec.co.uk
56676792|Gillian Charles|Apt #773-8779 Vehicula Street|lobortis.nisi@Quisquefringillaeuismod.co.uk
002810086|Jelani Nicholson|7621 Tincidunt St.|pede.nonummy@facilisis.org
069498183|Emma Mccarthy|Apt #300-2653 Sit Av.|nec.malesuada.ut@musAenean.edu
21354669|Alea Stark|3314 Non St.|lobortis@sitamet.ca
030640472|Janna Becker|805-1737 Scelerisque Avenue|Pellentesque.ultricies@necdiam.edu
323435736|Lewis Gibson|277-8347 Nulla Ave|odio.Phasellus@dictumPhasellusin.net
278157601|Keelie Nicholson|Apt #582-2809 Blandit Avenue|dolor.Fusce@convallisligulaDonec.ca
189017667|Brody Petty|797-4560 Gravida. St.|a.tortor.Nunc@eunulla.org
198051091|Donovan Hopper|"902 Amet, Road"|Donec@bibendumfermentummetus.org
140442861|Nadine Wallace|786-295 Dui Rd.|volutpat.Nulla.facilisis@Namporttitor.org
19247926|Kennedy Garrison|Apt #807-3945 Cursus Av.|ligula.Nullam.enim@Inmipede.co.uk
261985287|Malik Reyes|195-3200 Erat St.|Aliquam@risusaultricies.edu
304120181|Brennan Dixon|"688-2567 Dolor St."|rutrum@augueac.org
006602233|Cassady Romero|"P.O. Box 507, 8968 Hymenaeos. Road"|non.enim@inconsectetueripsum.edu
073594455|Hanae Bishop|Apt #208-8957 Non Rd.|enim.Curabitur.massa@tellusimperdiet.net
107273989|Mariko Cantu|Apt #531-8127 Lacus. St.|elementum.purus.accumsan@suscipitnonummy.com
181661827|Seth Whitaker|7895 Sollicitudin St.|scelerisque.sed@Cumsociis.net
104547132|Olivia Robles|889-1707 Integer Ave|erat.Sed.nunc@dolor.org
271562517|Francesca Hahn|"P.O. Box 380, 9015 Accumsan Rd."|et@aliquetmolestie.net
306189292|Zorita Wade|"5108 Luctus Av."|Aenean@Sednec.com
216145071|Miranda Fuller|Apt #708-3839 Cubilia Rd.|odio@euismodindolor.org
313434224|Timothy Craft|"P.O. Box 596, 962 Mus. Rd."|nec@euismodmauriseu.org
110687993|Alma Becker|328-8128 Imperdiet St.|ipsum@anteVivamusnon.org
104471469|Drew Daniels|2184 Dolor. Street|Etiam.ligula.tortor@Sednullaante.edu
40190012|April Cochran|"P.O. Box 465, 5209 Vivamus Rd."|non@musProinvel.edu
20896435|Lesley Harrison|1271 Natoque Rd.|aliquet.vel@sedpedenec.org
029513096|Rae Bullock|829-3644 Arcu. Rd.|ut.dolor@enim.ca
163267191|Rhoda Anthony|"521-7065 Tempor St."|dictum.placerat.augue@magnaaneque.org
110516689|Carlos Lyons|8093 Tincidunt Ave|libero.Morbi@venenatisvel.com
227498836|Francis Mcdaniel|"P.O. Box 790, 1615 Libero. Street"|elementum.lorem.ut@liberoest.com
317309907|Vanna Benton|803-980 Nec Ave|egestas.Aliquam.nec@Sedpharetrafelis.com
020664159|Kimberley Stephens|784-5422 Dictum Ave|In.faucibus@lobortisquama.co.uk
220101534|Thane Mcneil|Apt #279-5860 Magna. Av.|sollicitudin.commodo@tellus.net
147526801|Kirsten Dominguez|"P.O. Box 815, 3784 Suspendisse Street"|eleifend@odioNam.net
094505456|Adria Everett|Apt #559-5660 Iaculis St.|placerat.eget.venenatis@ipsumPhasellusvitae.co.uk
003481738|Kirby Hamilton|948-9144 Est Rd.|Donec.felis.orci@velesttempor.com
466862474|Julian Carrillo|"P.O. Box 486, 1649 Non Avenue"|sociis.natoque@etmagnis.net
056390657|Inez Rivers|442-7335 Cursus. St.|senectus.et.netus@miDuis.ca
573721687|Alvin Spears|Apt #351-6086 Nascetur Ave|ultrices@vulputate.com
022717869|Ali Adkins|8816 Nunc Avenue|et@Lorem.com
13923609|Jescie Henry|816-3764 Dictum Road|metus@justoPraesent.net
028655269|Carlos Meadows|9891 Enim St.|felis.adipiscing.fringilla@diamnunc.com
147216743|Signe Kirby|"P.O. Box 926, 824 Proin Rd."|amet.luctus@luctusfelis.org
431765726|Azalia Sandoval|"P.O. Box 700, 9374 Ultricies St."|Mauris.eu@ac.org
398914606|Dane Harding|"P.O. Box 223, 4771 Tortor Street"|Aliquam@et.co.uk
249013586|Guinevere Hayden|"P.O. Box 238, 6767 Integer Av."|orci.Phasellus@nibh.ca
132067859|Sade Nixon|"Ap #940-3983 Vel, Rd."|Nullam@at.com
343284538|Petra Medina|Apt #192-4828 Purus Av.|eget.odio@mi.net
136769644|Angela Craft|9564 Nunc Rd.|risus.quis@rhoncusProin.com
258951601|Fiona Day|408-5591 Sit St.|eu.tempor@laciniavitae.org
590196545|Jena Gardner|Apt #104-6967 Nunc Av.|bibendum.fermentum@egestasFusce.edu
216383797|Magee Blackburn|7611 Nullam Av.|libero@in.edu
196608535|Inga Wilcox|"Ap #118-2073 Nec St."|turpis.egestas@nibhsit.net
185526888|Cherokee Preston|Apt #617-5975 Fames Rd.|sit@euarcu.ca
341710027|Ila Hinton|"P.O. Box 109, 2626 Aliquet Avenue"|ac@nisl.com
129769055|Zena Bowen|6086 Erat. St.|habitant.morbi@rutrumnon.net
041213195|Ashton Good|Apt #756-7042 Ullamcorper Rd.|metus.Aliquam@nullaIntegervulputate.net
173759742|Raja Webb|Apt #239-4077 Penatibus Rd.|vel.mauris.Integer@Nunc.net
170518433|Cora Cervantes|2180 Vitae Rd.|tincidunt.Donec@nasceturridiculus.edu
184595632|Benedict Harvey|"492-1859 Vel St."|pede.Cum.sociis@auctorullamcorpernisl.com
148266032|Laith Jones|"P.O. Box 971, 1795 A St."|nunc@ligula.net
234400497|Kato Mack|598-2303 Ipsum. Road|sociis@duiCum.org
272409009|Laurel Jordan|Apt #666-7819 Diam Av.|in@ametrisus.ca
031883395|Quail Dodson|"P.O. Box 540, 3535 Malesuada. Rd."|eu.dui.Cum@sociisnatoquepenatibus.com
141655493|Yvette Vance|"Ap #270-6816 Convallis, Road"|eleifend.Cras@enim.co.uk
259500748|Inga Morse|530-8531 Tristique Av.|fames.ac.turpis@massa.edu
122912362|Brennan Pope|"P.O. Box 932, 9624 Quisque Street"|in.faucibus@rhoncusid.ca
095339785|Aphrodite Hopper|6310 Massa. Ave|interdum.enim@auctor.co.uk
161605303|Oren Soto|230-9225 Nunc St.|scelerisque.sed.sapien@loremsemperauctor.edu
029199797|Eagan Chandler|2585 Ridiculus St.|lorem.eu.metus@orcilobortis.ca
455656945|Giselle Bradshaw|182-4322 Ullamcorper. Ave|odio.semper@Crassedleo.ca
216587303|Tara Burris|"P.O. Box 556, 804 Libero Av."|id@semegestasblandit.com
009823232|Candace Glenn|677-5110 Lectus St.|tempus.risus@mauriseu.co.uk
151599572|Bianca Avery|3731 Natoque St.|enim.Nunc@ligula.edu
175524961|Hoyt Gutierrez|Apt #548-7607 Suspendisse Av.|ante.blandit@egestas.co.uk
037108671|Tiger Crosby|8502 Aenean Rd.|Fusce.fermentum@neque.com
351342625|Brandon Randolph|Apt #808-6005 Ad Av.|vestibulum.neque.sed@faucibusid.ca
048836175|Hope Bass|520-8320 Malesuada Ave|enim.diam@vestibulumlorem.org
303056097|Jamalia Garza|"P.O. Box 230, 7758 Neque Avenue"|odio.auctor@luctuset.ca
133808403|Jaden Thornton|"P.O. Box 422, 1710 Tempus Rd."|lectus.ante.dictum@Integersemelit.edu
038034936|Oscar Schroeder|Apt #781-9314 Cras Rd.|eu.sem.Pellentesque@tellussem.org
372753557|Martena Butler|3812 Risus. Street|purus.Nullam.scelerisque@mollis.com
251873622|Ishmael Webb|360-2904 Maecenas Av.|non@nullaDonec.ca
139250955|Paula Blackwell|3162 Sit Rd.|interdum.Curabitur@elementumduiquis.org
152898603|Phoebe Conner|373-2922 Venenatis Street|urna.Nullam@massaMauris.org
372331941|Alexander Dunn|447 Tellus St.|Curabitur.consequat@blandit.org
252041066|Quamar Bird|740-5964 Mauris Rd.|et.netus@miDuisrisus.edu
109768265|Melyssa Welch|8337 Libero St.|molestie@sagittis.org
248404245|Maryam Harrington|Apt #978-3305 A Avenue|feugiat@sempercursus.ca
188607527|Kaye Vinson|548 Vestibulum. St.|quam.a@SuspendissesagittisNullam.ca
11111953|Ivan Weaver|530-2456 Est Ave|mollis@tristique.co.uk
554202623|Maite Farley|5157 Interdum. Ave|aliquam@sitametlorem.edu
308619871|Emerald Riggs|Apt #311-518 Eu Road|elementum.lorem@nequeMorbiquis.net
357888327|Judah Warner|Apt #522-9413 Sed Avenue|at@posuerecubiliaCurae.ca
0534691|Garrison Santos|696-6628 Luctus Street|Proin.sed@Curabiturdictum.org
075413062|Ariana Adams|402-7619 Leo Av.|nec@interdum.edu
417750313|Piper Winters|8583 Ac Rd.|id@utquamvel.org
189065644|Gisela Hurst|930-3547 Ultrices. St.|Quisque.fringilla.euismod@orciPhasellusdapibus.co.uk
159938815|Hiroko Gibson|"P.O. Box 506, 9002 Nec, Rd."|amet@ipsumdolor.ca
05007684|Vivian Burris|"P.O. Box 729, 8858 Id, Rd."|tellus.imperdiet@Aliquamtinciduntnunc.ca
253489813|Daniel Owens|"P.O. Box 327, 6313 Etiam St."|tellus@sitametrisus.ca
019290557|Megan Macias|6882 Tincidunt Av.|dui@semmollisdui.edu
033013045|Ora Bauer|Apt #244-1466 Non Ave|sed@sed.co.uk
20199957|Sage Petty|633-5681 Enim. Street|taciti@euismodmauriseu.net
145475647|Jamalia Jimenez|"P.O. Box 646, 6197 Non Rd."|primis.in.faucibus@ligulaelit.co.uk
25387774|Alea Duke|1490 Eu Road|faucibus.orci.luctus@dui.org
098316507|Elliott Garrett|4886 Ipsum Rd.|nec.eleifend@leoMorbi.net
178060084|Maya Finley|296-2068 Integer Rd.|ante.blandit@viverraDonec.org
228528494|Xander Case|101-4576 Nulla Ave|semper@et.co.uk
010163631|Serina Boyle|5706 Auctor Ave|diam.lorem.auctor@eleifendvitae.ca
268362831|Kyra Kennedy|"302-5681 Amet Avenue"|Vestibulum.ante.ipsum@mattis.com
372507678|Imogene Singleton|244-2767 Cum Rd.|tortor@sit.co.uk
687377233|Charde Vaughan|4390 Pharetra. Ave|Proin.nisl.sem@adipiscinglacusUt.ca
244075457|Seth Buckner|"P.O. Box 316, 9760 Tincidunt Av."|egestas@temporarcu.ca
171527129|Odette Rasmussen|414 Tellus. Ave|Nunc.laoreet@temporbibendumDonec.net
305517245|Colette Conway|"118-3094 Et, Road"|suscipit.nonummy@eu.net
182912246|Sheila Wade|473-4362 Velit Road|lacus@liberonec.net
257348908|Alice Mendoza|912-9660 Ante Ave|fermentum@pedeultrices.edu
248484787|Roary Hayes|Apt #701-6723 Massa. Ave|purus.ac.tellus@ipsumdolorsit.net
179075063|Courtney Gamble|3309 Integer Road|Curae.Phasellus.ornare@tortor.com
37576462|Giselle Dalton|"P.O. Box 779, 366 Cras Av."|Aliquam@semPellentesque.com
009496788|Sonia Hale|9108 Nam Ave|porttitor.tellus@lectus.edu
354185133|Carl Bridges|3082 Nunc Ave|arcu.Sed.et@malesuadaid.ca
218336157|Jameson Hinton|"P.O. Box 179, 6082 Ac Rd."|Integer.sem.elit@velit.co.uk
411952948|Macy Terrell|"5485 Quis St."|mi.felis@semperet.co.uk
254941787|Evangeline Reynolds|Apt #753-7306 Urna Avenue|Nulla.semper@acturpisegestas.co.uk
260970161|Olivia Nieves|"P.O. Box 508, 2426 Tristique Street"|lectus.rutrum@vitaemaurissit.edu
187104491|Ulric Malone|9559 Morbi St.|tincidunt@hendrerit.org
257698757|Brenden English|"217 Et St."|luctus.Curabitur.egestas@auctor.org
280254133|Nolan Powers|Apt #192-9367 Vivamus Avenue|metus.In.lorem@euismodet.ca
124353313|Quintessa Tillman|"P.O. Box 124, 2047 Non Avenue"|fringilla@ligula.net
105929368|Madaline Mcclure|"703-7921 Fringilla Ave"|eget@pede.net
246596598|Zahir Whitehead|"P.O. Box 743, 8230 Ac Avenue"|ac.fermentum.vel@leo.edu
01263496|Rosalyn Short|"P.O. Box 944, 8679 Pede Street"|Integer.vitae@mus.com
273833313|Zenaida Huber|"P.O. Box 209, 7310 Nullam St."|quis.diam@utaliquamiaculis.com
079225475|Chadwick Medina|"P.O. Box 848, 3337 Nunc Av."|sociosqu.ad.litora@dolor.edu
035310722|Leo Cochran|"Ap #964-4573 Dui Ave"|Fusce@Etiambibendum.edu
020205109|Quail Richmond|"P.O. Box 658, 9136 Ipsum Avenue"|ipsum@MorbivehiculaPellentesque.edu
245117313|Porter Duran|Apt #350-8428 Mauris St.|aliquet.metus.urna@quispedeSuspendisse.net
007357364|Thaddeus Vinson|863-9480 Risus. Av.|Praesent.luctus.Curabitur@liberoest.ca
278649841|Joelle Duffy|277-1650 Proin Rd.|nulla@luctusfelis.com
388909163|Victor Frederick|"343-7728 In Street"|at@conubia.net
141056014|Steel Acevedo|Apt #993-9724 Ultrices Rd.|metus@auctor.com
148691927|Benedict Perry|"P.O. Box 527, 942 Ridiculus St."|ultrices.Duis.volutpat@ipsumdolor.co.uk
126170242|Cara Sears|3287 Aliquet Rd.|dictum@dolorquam.co.uk
094777759|Marvin Wilkins|786-5345 Etiam Road|eros.Proin.ultrices@nisl.net
281967345|Bevis Craft|984-526 Donec Road|accumsan.neque@temporlorem.edu
345996372|Uma Pollard|9823 Purus. Street|bibendum.ullamcorper@viverra.org
043044715|Lois Malone|"P.O. Box 129, 3586 Duis Street"|Sed@Etiam.ca
439368267|Charde Santos|9992 Massa. Rd.|vitae.posuere@utpellentesque.org
274455738|Clementine Mathis|Apt #964-1237 Diam. Rd.|sit@arcu.edu
297675604|Cailin Harding|8532 Sed Av.|faucibus.lectus@duiquis.ca
328717279|Mikayla Santana|Apt #865-5677 Dis Av.|dictum@utmolestie.com
207077997|Marah Beasley|201-5278 Mollis. Street|lobortis@anteipsum.org
076340219|Hu Owens|572-5182 Felis. Rd.|lacus.Aliquam.rutrum@necdiamDuis.com
373329385|Natalie Moses|"P.O. Box 993, 8924 Quis Ave"|eget.odio.Aliquam@ipsum.co.uk
219482355|Veronica Ramos|Apt #554-4811 Neque. Rd.|vel.sapien@tellus.org
043062745|Jillian Wolf|488-5434 Duis St.|egestas@in.edu
261438073|Irma Rosa|323-9619 Accumsan Street|parturient@Naminterdum.co.uk
175392038|Uriah Marquez|"P.O. Box 216, 3327 Nec Rd."|mauris.Integer.sem@Classaptent.co.uk
162273977|India Shepherd|451-3373 Eleifend Avenue|Integer.vulputate@eleifend.co.uk
118790619|Hannah Duncan|"P.O. Box 656, 8372 Ornare St."|auctor.vitae.aliquet@sedduiFusce.org
126789128|Richard Whitney|Apt #622-4330 Ut Avenue|sociis.natoque.penatibus@urna.org
056532926|Odessa Ball|Apt #651-8529 Eu Av.|nec.tellus@diamnunc.net
30896333|Lani Gonzalez|"P.O. Box 108, 259 Lobortis Avenue"|massa.lobortis@atsem.edu
174384906|Gareth Price|794-277 Libero Road|in.aliquet@orciquislectus.ca
025752384|Emerald Booker|5012 Laoreet Av.|dolor.dapibus.gravida@ultricesposuerecubilia.co.uk
223349492|Judah Lee|7594 Sed Road|Quisque.nonummy@at.edu
123767523|Christopher Marquez|"P.O. Box 102, 1705 Aliquet St."|mi@lobortisquis.edu
112252252|Cherokee Watkins|"2841 Placerat Av."|auctor.non@augueutlacus.com
02266086|Blossom Keith|253-2375 Interdum Street|non@etrutrum.com
130629749|Kylan Sykes|1610 Consequat Rd.|felis@lectusjustoeu.co.uk
005699401|Warren Patterson|"P.O. Box 783, 5811 Ultricies Avenue"|Cum.sociis@Curabitur.edu
254183314|Wanda Larson|"P.O. Box 919, 9916 Duis Rd."|lacus.Mauris.non@variusultricesmauris.edu
112920429|Chanda Harrington|"P.O. Box 961, 8146 Hendrerit Rd."|ligula.Aenean.gravida@posuerevulputate.com
232293797|Kiayada Merritt|"P.O. Box 415, 8474 In Avenue"|eu.metus@suscipitest.com
07635431|Elton French|987-3143 Id St.|natoque.penatibus@rutrummagna.org
091370518|Olga Levine|4600 Morbi Street|odio@acmetusvitae.com
035072901|Zenaida Velez|"P.O. Box 637, 4890 Ornare Rd."|risus.Nulla.eget@necligula.org
18683799|James Kidd|939-7326 Egestas Street|Vivamus@utquam.co.uk
414439852|Ian Hewitt|625-7445 Sed Street|euismod.urna@lorem.ca
18763097|Isaac Frederick|"P.O. Box 758, 962 Pulvinar Ave"|cursus@turpisIncondimentum.ca
335052653|Eric Daniel|785-4798 Diam. Av.|montes.nascetur@commodoat.org
369986508|Deirdre Sloan|"P.O. Box 763, 5814 Semper Street"|massa.Mauris@sit.net
35272188|Cassidy Hernandez|790-8266 Nunc Rd.|lectus.Cum.sociis@consectetuer.com
341990623|Zelda Rios|Apt #974-5726 Ullamcorper Rd.|tincidunt@pellentesquemassalobortis.com
06391234|Macy Bush|"P.O. Box 530, 5770 Id, Rd."|litora@egestas.org
028643701|Demetria Cole|"379-5491 Et Av."|aliquam.iaculis@urnaUttincidunt.com
103052253|Rhiannon Morris|"P.O. Box 844, 3952 Donec Street"|Nunc@dolorquamelementum.net
139825844|Kim Holcomb|Apt #794-3036 Sagittis Rd.|et.libero.Proin@sollicitudin.com
013042488|Cassidy Cline|286-1284 Sit Rd.|nostra.per.inceptos@facilisis.com
207937762|Amethyst Acevedo|Apt #344-4224 Aliquam Street|ipsum@consectetuer.ca
126345333|Desirae Trujillo|Apt #893-5100 Imperdiet St.|venenatis.a.magna@lectus.com
084326209|Juliet Bishop|"P.O. Box 359, 9407 Dui St."|pellentesque@nibhQuisque.ca
156200725|Quynn Chaney|Apt #697-2423 Nec Rd.|Proin@purusgravidasagittis.org
040001363|Lee Matthews|272-2906 Nulla. Street|Sed.pharetra.felis@utodiovel.org
042296181|Zenia Dyer|"724 Sapien, Rd."|Nunc.commodo@Integersemelit.org
214384781|Teagan Spencer|"996-2798 Placerat, Rd."|faucibus.orci@euelitNulla.ca
330713587|Lavinia Hunt|716-9078 Tellus Road|Praesent.eu@ultricessit.org
22353015|Keiko Burton|"P.O. Box 753, 8003 Scelerisque St."|molestie.tellus.Aenean@convallis.org
043594009|Shellie Hicks|"P.O. Box 976, 8520 Ridiculus St."|sodales.nisi@augueeutellus.org
040839996|Murphy Ortega|398-9675 Augue St.|Aliquam@estvitaesodales.net
221499447|Oscar Alston|"P.O. Box 902, 5710 Pellentesque St."|velit@convallisligula.co.uk
125543742|Katell Richard|9021 Pede. St.|ac.turpis.egestas@nonleo.net
44505237|Ainsley Patterson|997-6145 Ac Street|sed@nec.net
372497535|Kiara White|"P.O. Box 752, 6133 Eget St."|lacus.pede@facilisiSedneque.ca
242301455|Kameko Castillo|433-3573 Sit Road|elit.Aliquam.auctor@eratEtiam.com
117710589|Martena Brown|492-9155 Cum St.|molestie.tortor@gravida.net
132733325|Belle Casey|"P.O. Box 730, 942 At St."|Lorem.ipsum.dolor@feugiatnecdiam.net
204161573|Hilda Russell|Apt #419-7813 Eleifend Av.|Integer.mollis.Integer@commodohendreritDonec.edu
386449612|Emi Hardin|Apt #734-6586 Nunc Ave|a.aliquet@sitametlorem.com
196933523|Maisie Hooper|502 In Ave|ac.facilisis.facilisis@consectetueradipiscingelit.edu
164669881|Zephr Armstrong|6898 Eu Avenue|tincidunt.nibh@dictumplacerataugue.edu
279756437|Carson Brock|"P.O. Box 255, 5657 Dui. St."|Phasellus.dolor.elit@velitQuisque.org
333364465|Alvin Wall|Apt #803-6313 Amet Avenue|rhoncus@dignissim.org
176934989|Dane Walter|"P.O. Box 413, 8003 Maecenas Street"|risus.a.ultricies@adipiscinglobortisrisus.edu
170718795|Lawrence Alston|"P.O. Box 377, 5452 Augue Street"|eu.eros@afelisullamcorper.org
249728179|Yoshio Olsen|"P.O. Box 402, 7733 Eros. Avenue"|Phasellus.fermentum.convallis@malesuadafringilla.org
023657436|Ginger Robbins|"P.O. Box 763, 6890 Sed St."|id@lectus.edu
309261897|Tatum Bailey|210-456 Non St.|orci.Ut.sagittis@etarcuimperdiet.ca
218078234|Olympia Figueroa|Apt #914-330 Eget Ave|a.feugiat@pharetrafeliseget.org
03351029|Wanda Casey|433 Purus St.|mollis.Phasellus.libero@liberoProinsed.edu
382333309|Jessica Barr|"P.O. Box 751, 3840 Vitae Rd."|nibh.enim@maurisa.ca
199556751|Alea Berger|"948-5936 A, Rd."|Morbi.metus.Vivamus@sociis.com
202168507|Camden Anderson|"P.O. Box 407, 508 Enim. St."|venenatis.lacus.Etiam@semperduilectus.ca
041978301|Bevis Head|8793 Eleifend Rd.|at.arcu@cursus.edu
222514105|Ursula Mcmahon|8183 Mattis Rd.|consectetuer.ipsum@ullamcorper.org
041081711|Heidi Simmons|837-2679 Ligula Street|convallis@seddolorFusce.com
087617043|Quon Santana|737-8312 Interdum Ave|ipsum.porta@natoque.edu
019412937|Holmes Barker|850-1595 Lorem Road|at@nequeInornare.edu
053036474|Heather Dale|Apt #836-8852 Curabitur Ave|tincidunt.dui@mi.net
128568373|Lysandra Morse|360-3302 Vestibulum Road|dolor@euodio.ca
28566779|Odessa Patrick|9018 Ornare Street|Quisque@Duissitamet.org
385955113|Clementine Neal|Apt #229-8194 Donec Ave|fermentum.vel.mauris@quismassa.ca
368645886|Isadora Fowler|"P.O. Box 112, 9080 Suscipit Road"|eu.eros.Nam@mollis.edu
459777633|Arsenio Randolph|Apt #920-2940 In Rd.|congue@vulputate.ca
0510283|Kellie Sellers|727 Nisl St.|Donec.vitae.erat@interdumNunc.com
096219468|Uriel Spears|879 Ipsum Avenue|fermentum.risus.at@eleifendnunc.net
373621942|Shea Snyder|3778 Faucibus Road|leo@loremDonecelementum.ca
058919827|Kay Jennings|Apt #980-5522 Nulla. St.|neque.non.quam@atiaculis.net
373499038|Karina Nixon|"P.O. Box 132, 2490 Dictum Avenue"|risus@nibhdolor.co.uk
103177094|Brian Cardenas|"P.O. Box 232, 3919 Ut St."|non@Aeneanegetmetus.co.uk
269265482|Dillon Black|Apt #256-8535 Lectus St.|ullamcorper@sodalesatvelit.org
024768687|Tanner Noble|9750 Arcu Rd.|ut.pharetra.sed@tinciduntDonecvitae.co.uk
123621145|Alexa Lynch|Apt #775-6663 Suspendisse Av.|enim.nec.tempus@Fuscediamnunc.ca
049460459|Drew Cardenas|"P.O. Box 332, 1014 Suspendisse Av."|volutpat@feugiatSednec.net
165746382|Sonya Vaughan|Apt #674-3570 Diam. Ave|scelerisque.mollis.Phasellus@quisarcuvel.ca
204821479|Malik Marshall|1984 Etiam Street|Integer.sem@Mauris.org
187055644|Teegan Combs|3837 Ultrices Street|quam@Donecdignissim.co.uk
252198315|Veda Gonzales|Apt #707-7842 Egestas Av.|et.ultrices.posuere@Nuncacsem.org
367329065|Kessie Lynch|1795 Sed Rd.|eu.eros.Nam@justositamet.co.uk
384456464|Dacey White|"P.O. Box 725, 9325 Aliquet Rd."|nibh@Aliquamauctorvelit.ca
020936519|Rina Sharpe|355-2385 Ultricies Road|lacus.Aliquam.rutrum@tempordiamdictum.net
144285796|Idola Villarreal|983-4479 Neque Street|a@metusIn.org
056262964|Montana Hunter|264-2061 Eget St.|in@libero.org
403124956|Barry Orr|Apt #831-7451 Eget Av.|augue.eu@fringilla.com
279979407|Tad Moran|654-1280 Pede. Road|sapien.Aenean.massa@dolor.net
171173218|Nelle Crosby|"P.O. Box 474, 6218 Pede. Ave"|erat.vel.pede@auctornuncnulla.org
135692434|Hu Hogan|Apt #333-7714 Ridiculus Av.|bibendum@consequat.com
365178448|Caesar Heath|"P.O. Box 261, 2162 Nullam Avenue"|a.enim.Suspendisse@risus.net
306108619|Tucker Hicks|"887-7814 A, Road"|aliquam@interdumfeugiat.net
064946588|Matthew Holt|"678 Consequat Street"|id.ante.dictum@euplacerat.org
276024885|Giacomo Ryan|690-9100 Cras Av.|malesuada@ad.co.uk
071305986|Orlando Hammond|873-6112 Lacinia Rd.|a.mi.fringilla@Cumsociisnatoque.net
009281168|Kyla Castillo|"7026 Elementum Ave"|Nullam.lobortis.quam@pede.ca
1171671|Hoyt Harris|Apt #714-981 Non St.|nisi@Craspellentesque.net
169924096|Hiram Chen|"P.O. Box 642, 4605 A St."|Curabitur@sit.co.uk
094149882|Benedict Oneil|8755 Mi Street|Nullam@malesuadafringilla.edu
44201629|Heather Jacobs|1204 Tellus. St.|Cras.vulputate.velit@ullamcorpervelit.co.uk
109643423|Cassandra Mejia|Apt #789-8035 Sit Ave|consectetuer@faucibus.ca
331977059|Lilah Valentine|"P.O. Box 638, 3218 Libero Street"|ornare@nunc.org
181544046|Claudia Barber|496-4889 Integer Street|nascetur.ridiculus.mus@Maurismagna.co.uk
093101193|Tasha David|8809 Sapien. St.|vitae.odio@velfaucibus.edu
503317261|Brennan Rich|250-1960 Sit Avenue|adipiscing.elit.Aliquam@maurisMorbinon.com
129222194|Hamish Wheeler|Apt #918-2650 Malesuada Street|porta@estarcuac.com
160646917|Nash Grimes|Apt #855-5190 Elit Road|egestas@libero.co.uk
001865675|Ulric Oconnor|"P.O. Box 510, 2155 Amet Street"|volutpat.Nulla@pharetra.net
215561528|Fay Beck|4219 Ipsum St.|Aliquam.vulputate.ullamcorper@enim.org
202889393|Wylie Pugh|Apt #725-1523 Dignissim Rd.|eu@Curabiturmassa.co.uk
241876901|Abigail Lee|"P.O. Box 394, 3007 A Rd."|sed.sem.egestas@Nuncut.org
119635461|Rafael Kane|"P.O. Box 194, 2442 Tempus Street"|vitae.aliquam@risusat.com
10843472|Jesse Nelson|340-2619 Pede Road|enim.nec@nonummy.ca
335999267|Maisie Cross|781-8766 Venenatis Street|interdum.Curabitur@eleifendnunc.co.uk
129573533|Raja Leonard|Apt #116-1725 Lorem Rd.|et.commodo.at@velitPellentesqueultricies.com
444790459|Vaughan Barber|599-1222 Massa. Rd.|interdum.libero.dui@nequevitaesemper.co.uk
158844569|Oprah Gallegos|"7386 Non, Rd."|Duis.risus@iaculis.org
373902794|Wynter Mcconnell|"Ap #420-2163 Montes, Rd."|Nunc.pulvinar.arcu@tellusnon.com
048280897|Sacha Winters|"P.O. Box 389, 4448 Dolor St."|Donec@utlacusNulla.net
284352326|Emerald Lee|Apt #303-367 Pellentesque St.|et@nullaCras.com
208330012|Mannix Brooks|"P.O. Box 161, 4381 Nunc St."|lorem.tristique@sit.co.uk
189869729|Abel Sandoval|Apt #250-6883 Ligula Ave|metus.In@urna.edu
02703416|Arsenio Hester|142-6923 Ipsum Avenue|enim@Maurisvestibulumneque.ca
154131757|Zenaida Hodge|Apt #703-9762 Odio. St.|accumsan.neque@Quisqueac.edu
18088847|Olivia Gonzales|"P.O. Box 646, 7759 Lectus Rd."|Nam.ac@eunibh.ca
084642108|Denise Hardin|3727 Morbi Rd.|neque.sed@et.edu
299804163|Savannah Ewing|"5757 Dui Ave"|enim.nec@ac.com
11148234|Driscoll Velasquez|Apt #637-450 Ac St.|vitae@Duis.com
013881598|Ebony Ballard|"P.O. Box 827, 3321 Euismod Ave"|a@odiosagittissemper.com
334673957|Elliott Bowen|655-4827 Risus Rd.|Duis.gravida.Praesent@enimnectempus.co.uk
135905464|Holmes Rodgers|"P.O. Box 838, 1481 Nam Rd."|quam.a.felis@Nunc.net
260808131|Elijah Camacho|7608 Ligula. Road|felis.eget.varius@tellus.edu
256819946|Alma Wyatt|7472 Urna. Av.|nunc.nulla@nulla.co.uk
49682277|Davis Stewart|"P.O. Box 904, 5107 Eu Ave"|erat.in.consectetuer@hendreritneque.org
115257089|Howard Lamb|Apt #954-3731 Diam Rd.|est@tinciduntneque.edu
084831669|Brennan Fry|202-9032 Ornare St.|habitant@imperdietnec.edu
018242989|Kibo Lowe|"P.O. Box 140, 5784 Gravida Road"|pellentesque.Sed.dictum@pellentesqueegetdictum.net
002621099|Nell Calderon|"P.O. Box 613, 9199 Nec St."|Vivamus@lectus.ca
438338521|Marny Ballard|"P.O. Box 606, 6658 Magnis Street"|ipsum.dolor.sit@non.ca
029770761|Benedict Hayes|537-6151 Dapibus Av.|malesuada.vel.venenatis@purus.com
126145866|Craig Harrison|188-6409 Vitae Rd.|venenatis.lacus@hendrerit.edu
157740892|Stephanie Underwood|Apt #132-7484 Felis Ave|conubia.nostra@porttitorinterdum.edu
34858346|Mari Mccullough|8586 A Road|mi@acnullaIn.org
430637495|Rina Allen|752 Aliquam Rd.|lacinia.Sed.congue@quam.org
331081156|Maris Stephenson|182-1221 A Rd.|hendrerit.Donec@risus.com
045362252|Abra Mccullough|"219-137 Id Av."|tortor.at@consequat.org
311653777|Dillon Mccormick|986-9750 Non Road|vulputate@famesacturpis.edu
179449639|Jessica Patton|202-5735 Erat Av.|eleifend.non@amet.net
053528843|Burke Gibson|"P.O. Box 699, 487 Molestie Av."|nisi@nasceturridiculus.ca
000589367|Aquila Oconnor|Apt #395-9755 Dui Ave|lacus@Proin.org
30344969|Ivan Forbes|Apt #256-6714 Elementum St.|faucibus@dolorNullasemper.org
128726369|Lev Callahan|"Ap #635-1255 Aliquet, Rd."|tempor.augue.ac@sedfacilisisvitae.org
061237554|Alexander Mcclure|"P.O. Box 250, 1077 Luctus Ave"|accumsan@dolor.org
147980234|Latifah Wade|669-2605 Urna Road|Nam@vel.co.uk
023788689|Kenneth Juarez|Apt #151-2770 Morbi Road|auctor@et.net
064417741|Kessie Miranda|3333 Ipsum. Rd.|nascetur@amalesuada.org
291715049|Forrest Webb|691-6371 Adipiscing Rd.|Mauris.eu@ultricesDuisvolutpat.co.uk
228738101|Hilary Obrien|"P.O. Box 402, 5993 Libero Rd."|nibh.enim.gravida@nequeet.com
237065881|Ora Camacho|161-3260 Vivamus Rd.|et@facilisismagnatellus.com
258452617|Colorado Sparks|"7216 Nec Av."|Sed.neque@scelerisque.edu
118156551|Jeremy Lara|"572-6222 Placerat, Rd."|montes.nascetur@sed.co.uk
130517853|Aaron Strong|501-5421 Convallis Street|sem.Nulla@magnased.com
265980549|Peter Rios|"850-7267 Vel Av."|Donec@nequeInornare.org
141637744|Emmanuel Rose|210-4393 Nulla Ave|viverra.Donec.tempus@metusurna.com
074158582|Naida Jones|2585 Ac Av.|cursus.Integer@laoreetliberoet.co.uk
130966507|Athena Aguilar|"955-6097 Elementum St."|nisi@Sed.org
351875497|Jana Mays|"P.O. Box 658, 9311 Tempus Street"|Curabitur.sed@Sedeu.net
238445468|Serena Slater|774-8645 Feugiat Road|Vestibulum.ante@Morbivehicula.co.uk
05573242|Malachi Daniels|"240-6213 Enim, Rd."|nec.orci.Donec@gravida.org
054716918|Jaden Rowe|565 Vulputate Street|fermentum.arcu@liberoestcongue.edu
283219452|Aline Orr|"3437 Ut St."|Quisque@risusNulla.org
172112236|Omar Park|"P.O. Box 298, 2980 Penatibus Road"|Nunc.ullamcorper.velit@enim.co.uk
193066498|Amir Walter|Apt #665-1099 Risus. St.|varius@ipsum.org
010127521|Castor Jimenez|930-9446 Quis Street|gravida@hendrerita.net
106446508|Paloma Rivera|Apt #623-5319 At Avenue|at.iaculis@Donecsollicitudinadipiscing.ca
190233562|Lynn Lewis|1117 Nullam Av.|per@orciinconsequat.org
135439579|Zelenia Bryan|"P.O. Box 485, 8236 Tempus Ave"|lacus.varius.et@vitaediam.com
261231304|Prescott Beard|686-9539 In St.|faucibus.id@eusemPellentesque.edu
418554445|Bruce Finch|921-3681 Ante St.|est.Mauris@euismodin.org
302230906|Preston Mercer|"Ap #885-7266 Vitae Av."|blandit@consequatdolor.ca
098094993|Benjamin Lowery|"Ap #663-9338 Amet Avenue"|Curabitur.ut.odio@tinciduntdui.ca
434252485|Olympia Barrett|Apt #247-7743 Dignissim. Av.|sed.orci@aliquetliberoInteger.edu
252426662|Jessica Huffman|783-8141 Sem Rd.|vel.sapien.imperdiet@vulputatelacusCras.net
427651493|Charissa Frederick|7753 Auctor Street|accumsan.laoreet.ipsum@duiFuscealiquam.org
188607286|Lars Goodwin|"P.O. Box 432, 8260 Ut Street"|Aenean.sed.pede@Sed.co.uk
204630076|Felix Blair|887-6467 Dui St.|tincidunt.neque@dictumsapienAenean.ca
02204095|Holly Hall|874-4228 Dis Road|id.magna.et@venenatislacus.ca
261219493|Iris Soto|"Ap #761-1550 Vel St."|nibh@Cras.com
052078161|Hilda Johnston|"P.O. Box 513, 3660 Sapien Rd."|Nunc.laoreet.lectus@Vestibulum.net
275135037|Karleigh Phillips|"P.O. Box 214, 6416 Risus. Ave"|diam.at.pretium@ligula.co.uk
20187351|Macaulay Booker|Apt #518-5417 Ultricies Rd.|erat@elitpede.co.uk
23474198|Iona Terry|"P.O. Box 656, 7641 Lacus. Road"|nec.cursus@Pellentesqueultricies.edu
053982772|Melissa Reilly|607-1418 Nec Road|euismod.in.dolor@parturient.org
134757777|Justine Cervantes|831-7171 Sit Rd.|risus@sodalesat.co.uk
217947499|Mikayla Rowland|182-378 Neque Avenue|mattis.semper@dictumeleifend.com
030712906|Garrett Alexander|Apt #582-491 Egestas Rd.|tortor.nibh@vitae.com
143849404|Aretha Alford|9664 Turpis. St.|diam.dictum.sapien@rutrum.net
330861896|Lillith Pollard|4436 In Ave|posuere.cubilia@Integerurna.edu
037466392|Judith Barron|"P.O. Box 697, 1260 Luctus Rd."|lacinia.Sed@sagittislobortis.org
156481432|Paloma Horne|"P.O. Box 364, 2668 Hymenaeos. St."|sed.est.Nunc@turpis.org
064648171|Martina Lang|"P.O. Box 424, 2039 Fringilla St."|Suspendisse.non.leo@elit.ca
218956592|Shana Emerson|Apt #612-9710 Cras Rd.|justo@nullaante.ca
397704629|Paki Valdez|Apt #151-7733 Sed St.|rhoncus.id.mollis@Donecat.co.uk
070773559|Harrison Daniel|Apt #748-4960 Mauris St.|Nunc.sollicitudin@ridiculusmus.org
144971089|Alfreda Vinson|"P.O. Box 594, 1988 Duis Rd."|quam@arcu.edu
194381835|Cairo Burgess|"P.O. Box 402, 2244 Euismod Av."|egestas.Aliquam@vitaeorciPhasellus.co.uk
141200909|Sopoline Cervantes|Apt #794-7311 Mus. St.|ipsum.Curabitur@dui.ca
22783467|Joseph Crosby|3219 Maecenas Road|ac.mattis@ligula.co.uk
235801895|Jamal Holman|Apt #909-2160 Est Av.|non.magna@massa.edu
232870924|Ross Hooper|"5022 Tempus St."|sem.ut@malesuada.com
562610487|Wynne Gill|Apt #196-1289 Vitae Avenue|ullamcorper@dis.com
074725803|Dahlia Stark|794-2958 Ut St.|ut.odio.vel@Maurismolestiepharetra.co.uk
167452368|Lilah Becker|Apt #683-7801 Nonummy St.|sit@arcu.com
72855731|Fay Stuart|"P.O. Box 938, 9361 Vulputate Avenue"|euismod.est@ornareelitelit.ca
032874941|Isaac Maxwell|"P.O. Box 233, 8330 In St."|tristique.ac@nonante.org
166362128|Gretchen Waller|290-3162 Sem Rd.|id@ultriciesornareelit.ca
273224407|Joel Bell|"P.O. Box 460, 5595 Sollicitudin Avenue"|Sed.dictum.Proin@nullaDonecnon.com
053060414|Tallulah Allen|Apt #621-2713 Donec St.|ullamcorper@pretiumaliquetmetus.com
211988995|Upton Martin|Apt #687-4861 Elit. St.|ullamcorper@lobortisrisusIn.co.uk
225512257|Kiayada Santana|8681 Proin Av.|ut@ipsumleo.co.uk
233034015|Caldwell Strong|"P.O. Box 251, 7514 Velit Av."|Integer.aliquam.adipiscing@ametfaucibusut.net
04583912|Christopher Sullivan|"Ap #696-6854 Mauris Avenue"|sit.amet.diam@sedpedeCum.org
29868388|Kevin Leonard|"437-7732 Pellentesque, Rd."|ipsum.dolor.sit@liberoestcongue.org
146117585|Raphael Alford|506-633 Quisque Street|felis.Nulla.tempor@ultrices.ca
062133468|Charlotte Kirk|"P.O. Box 577, 9916 Dapibus St."|Ut@CurabiturdictumPhasellus.co.uk
135672557|Ivory Pitts|Apt #525-6558 Vestibulum St.|nunc.ac.mattis@aliquetnecimperdiet.edu
143922646|Vera Fry|Apt #958-4002 Eleifend Av.|sapien.cursus@sitametconsectetuer.edu
1204885|Noelle Carr|9457 Vehicula. St.|Donec.non@eratinconsectetuer.org
30906533|Ezekiel Hardy|"4070 Elit Ave"|lorem@mifringilla.co.uk
016007654|Elvis Buckner|5307 Amet Rd.|Ut.tincidunt.orci@sitamet.org
182681258|Maryam Vinson|Apt #205-667 Mi Rd.|lacus@necorci.ca
084035431|Giselle Gill|679-7267 Enim Rd.|iaculis.aliquet.diam@adipiscingelit.edu
560950987|Stacey Pugh|147-2642 Ligula Street|nonummy.Fusce@mauriserateget.com
013849331|Shelly Griffith|1348 Integer Av.|Fusce.diam@libero.co.uk
314607615|Lucy Harper|Apt #105-5937 Lacus. Road|mus@purus.com
371626657|Arden Finch|Apt #936-510 Aliquam St.|Mauris.magna.Duis@sedorcilobortis.co.uk
114178254|Ciaran Hopper|"P.O. Box 566, 9722 Urna Road"|pretium.neque.Morbi@scelerisque.co.uk
561167042|Nasim Whitley|5504 Aliquam Rd.|risus@mollisneccursus.edu
005314979|Brody Freeman|9448 Nec Ave|Aliquam@commodo.edu
310638454|Illiana Sharpe|252-445 Molestie Rd.|mauris@Integer.net
030460227|Andrew Mcdaniel|6684 Class Street|Vivamus@nislelementum.org
38548226|Veda Manning|Apt #364-2891 Ornare Rd.|eu.dui@et.co.uk
060216966|Cassidy Holt|Apt #490-5228 Dui Street|Aliquam.fringilla.cursus@id.ca
188118972|Jamal Olsen|"P.O. Box 291, 4584 Sit Rd."|eleifend@ante.ca
247721124|Kiayada Bishop|6939 Rutrum Av.|amet.consectetuer.adipiscing@Sedcongue.org
408990987|Yetta Tyson|"Ap #801-8984 Vitae Ave"|urna@nibhenim.co.uk
021615905|Dawn Ellison|220-6309 Justo St.|ante.lectus.convallis@tinciduntcongue.org
155436686|Evelyn Quinn|"P.O. Box 963, 8189 Neque Av."|sem@nonvestibulum.net
06687136|Cherokee Cain|Apt #127-3525 Porttitor St.|sociis.natoque.penatibus@mollis.com
219220011|Pascale Chaney|"P.O. Box 280, 7850 Egestas St."|nec.ante@vel.ca
528821739|Marshall Martin|"P.O. Box 619, 1580 Nisi. Road"|neque@tellussemmollis.edu
094788767|Sonia Rosario|204-8357 Sagittis. Avenue|mauris@imperdietdictum.org
523062141|Kaye Wooten|"4582 Purus, Road"|dolor.vitae.dolor@Loremipsum.edu
018474485|Tana Sexton|Apt #971-7965 Nonummy St.|amet@massa.edu
09568817|Tamekah Clark|381-771 Molestie Street|metus.In@erosturpis.co.uk
215027169|Ivy Coffey|Apt #333-2713 Velit Street|in@fermentumrisus.org
033858937|Sandra Herrera|"P.O. Box 559, 1326 Cursus St."|penatibus.et@Aeneanmassa.org
112435503|Amaya Joyner|Apt #102-8432 Bibendum Street|Aliquam@Quisqueporttitor.net
135487724|Ulla Mckenzie|5556 Dictum Ave|eros.Nam@nislQuisque.org
075111225|Kelly Buck|Apt #584-1342 Consequat St.|ridiculus.mus.Aenean@Aliquam.edu
099911116|Evangeline Pugh|Apt #216-9517 Sodales Rd.|libero@sit.co.uk
101062938|Herman Strickland|Apt #488-3680 Euismod Ave|eu.metus.In@leoMorbi.ca
169809632|Leonard Joseph|Apt #244-8251 Magna St.|iaculis@egestashendrerit.com
184365586|Vielka Holmes|"P.O. Box 117, 3645 Velit. Av."|nec@felispurus.org
249851359|Jocelyn Schneider|"P.O. Box 949, 3041 Vel Rd."|erat@antedictummi.edu
100842664|Joelle Colon|211-7624 Mi Avenue|Mauris.vestibulum@augueacipsum.ca
252274393|Leigh Harrell|395-8372 Velit. Road|sed.sem.egestas@Aliquamultricesiaculis.net
070860241|Jared Kim|"7579 At Avenue"|id.mollis@justo.edu
409457505|Linda Mcdowell|"Ap #595-4773 Ut, Road"|malesuada@Loremipsumdolor.edu
22129153|Jonah Henson|Apt #980-9022 Pellentesque St.|a.purus@nasceturridiculus.net
334601258|Beverly Kline|4228 Adipiscing Street|aliquet.odio.Etiam@acmattis.com
836103942|Hillary Gentry|4695 Cras Rd.|mauris.id@consequat.net
02928943|Cally Houston|926 Gravida Av.|dui.nec@eu.edu
143808029|Orla Tyler|Apt #186-5181 Tristique Avenue|tellus@malesuadaInteger.com
010951252|Libby Bright|"P.O. Box 223, 1908 Nibh St."|Nam.interdum@Fusce.co.uk
212346786|Vanna Ballard|Apt #771-7566 Velit Avenue|dictum@nonante.ca
